{
  "login":{
    "title":"लॉग इन करें",
    "email" : "ईमेल",
    "password" : "पासवर्ड",
    "forgot_password" : "पासवर्ड भूल गए?",
    "Haven't registerd yet? Click here to Register" : "अभी तक पंजीकृत नहीं किया है? क्लिक करें यहाँ रजिस्टर करने के लिए",
    "new_user" : "नए उपयोगकर्ता?",
    "trial_text" : "अपने मोबाइल से साइन अप करें और अभी 15 दिन(दिनों) का नि:शुल्क परीक्षण शुरू करें",
    "sign_up" : "साइन अप करें",
    "available_exchanges" : "उपलब्ध एक्सचेंज",
    "exchange_timings":"एक्सचेंज समय",
    "about_us":"हमारे बारे में",
    "membership_details":"सदस्यता विवरण"
  }
}