{
  "login":{
    "title":"Login",
    "email" : "Email",
    "password" : "Password",
    "forgot_password" : "Forgot Password?",
    "Haven't registerd yet? Click here to Register" : "Register",
    "new_user" : "New User?",
    "trial_text" : "Sign up with your mobile and start 15 days(s) free trial now",
    "sign_up" : "Sign Up",
    "available_exchanges" : "Available Exchanges",
    "exchange_timings":"Exchange Timings",
    "about_us":"About Us",
    "membership_details":"Membership Details"
  }
}