﻿[
  {
    "id": 1,
    "name": "Account Statement",
    "displayName": "Account Statement",
    "sequenceNo": 1,
    "menuUrl": "/profile",
    "guestMode": 0,
    "tradingMode": 0,
    "sdkMode": 1,
    "iconUrl": "icon-view-more",
    "childs": "",
    "isUrl": 0,
    "openMode": 0,
    "remarks": "Account Statement Menu for SDK mode"
  },
  {
    "id": 2,
    "name": "Funds",
    "displayName": "Funds",
    "sequenceNo": 2,
    "menuUrl": "/fundsmain",
    "guestMode": 0,
    "tradingMode": 1,
    "sdkMode": 1,
    "iconUrl": "icon-view-more",
    "childs": "",
    "isUrl": 0,
    "openMode": 0,
    "remarks": "Funds Menu for Trading mode as well as sdk mode"
  },
  {
    "id": 3,
    "name": "eDIS Permission",
    "displayName": "eDIS Permission",
    "sequenceNo": 3,
    "menuUrl": "/e-dis-permission",
    "guestMode": 0,
    "tradingMode": 1,
    "sdkMode": 1,
    "iconUrl": "icon-view-more",
    "childs": "",
    "isUrl": 0,
    "openMode": 0,
    "remarks": "EDIS Permission menu for Trading mode as well as sdk mode"
  },
  {
    "id": 4,
    "name": "Recommendations & Alerts",
    "displayName": "Recommendations & Alerts",
    "sequenceNo": 4,
    "menuUrl": "/recommendation",
    "guestMode": 2,
    "tradingMode": 1,
    "sdkMode": 1,
    "iconUrl": "icon-view-more",
    "childs": "",
    "isUrl": 0,
    "openMode": 0,
    "remarks": "Recommendation & ALerts Menu for Trading, guest and sdk mode"
  },
  {
    "id": 51,
    "name": "Messages",
    "displayName": "Messages",
    "sequenceNo": 5,
    "menuUrl": "/messages",
    "guestMode": 2,
    "tradingMode": 1,
    "sdkMode": 1,
    "iconUrl": "icon-view-more",
    "childs": "",
    "isUrl": 0,
    "openMode": 0,
    "remarks": "Messages Menu for Trading, guest and sdk mode"
  },
  {
    "id": 52,
    "name": "Calculators",
    "displayName": "Calculators",
    "sequenceNo": 6,
    "menuUrl": "/calculators-main",
    "guestMode": 1,
    "tradingMode": 1,
    "sdkMode": 1,
    "iconUrl": "icon-view-more",
    "childs": [
      {
        "id": 521,
        "name": "Future Fair Value",
        "displayName": "Future Fair Value",
        "menuDescription": "Calculation of Future Fair Value",
        "sequenceNo": 1,
        "menuUrl": "/calculators-fairvalue",
        "guestMode": 1,
        "tradingMode": 1,
        "sdkMode": 1,
        "iconUrl": "screeners-bg-img-3",
        "childs": "",
        "isUrl": 0,
        "openMode": 0
      },
      {
        "id": 522,
        "name": "Option Value",
        "displayName": "Option Value",
        "menuDescription": "Calculation of Option Value and Greeks",
        "sequenceNo": 2,
        "menuUrl": "/calculators-optionvalue",
        "guestMode": 1,
        "tradingMode": 1,
        "sdkMode": 1,
        "iconUrl": "screeners-bg-img-2",
        "childs": "",
        "isUrl": 0,
        "openMode": 0
      },
      {
        "id": 523,
        "name": "Span Margin",
        "displayName": "Span Margin",
        "menuDescription": "Calculation of SPAN Margin",
        "sequenceNo": 3,
        "menuUrl": "/calculators-spanmargin",
        "guestMode": 1,
        "tradingMode": 1,
        "sdkMode": 1,
        "iconUrl": "screeners-bg-img-1",
        "childs": "",
        "isUrl": 0,
        "openMode": 0
      }
    ],
    "isUrl": 0,
    "openMode": 0,
    "remarks": "Calculators Menu for Trading, guest and sdk mode"
  },
  {
    "id": 5,
    "name": "Need Help",
    "displayName": "Need Help",
    "sequenceNo": 7,
    "menuUrl": "/needhelp",
    "guestMode": 1,
    "tradingMode": 1,
    "sdkMode": 1,
    "iconUrl": "icon-view-more",
    "childs": "",
    "isUrl": 0,
    "openMode": 0,
    "remarks": "Need Help section for Trading, guest and sdk mode"
  },
  {
    "id": 6,
    "name": "Usage Guide",
    "displayName": "Usage Guide",
    "sequenceNo": 8,
    "menuUrl": "http://faq.odinwave.com/",
    "guestMode": 1,
    "tradingMode": 1,
    "sdkMode": 1,
    "iconUrl": "",
    "childs": "",
    "isUrl": 1,
    "openMode": 0,
    "remarks": "Usage Guide section for Trading, guest and sdk mode"
  },
  {
    "id": 7,
    "name": "Contact Us",
    "displayName": "Contact Us",
    "sequenceNo": 9,
    "menuUrl": "",
    "guestMode": 1,
    "tradingMode": 1,
    "sdkMode": 1,
    "iconUrl": "",
    "childs": "",
    "isUrl": 0,
    "openMode": 0,
    "remarks": "Contact Us section for Trading, guest and sdk mode"
  },
  {
    "id": 8,
    "name": "Invite Friends",
    "displayName": "Invite Friends",
    "sequenceNo": 10,
    "menuUrl": "/invitefriends",
    "guestMode": 1,
    "tradingMode": 1,
    "sdkMode": 1,
    "iconUrl": "icon-view-more",
    "childs": "",
    "isUrl": 0,
    "openMode": 0,
    "remarks": "Invite Friends section for Trading, guest and sdk mode"
  },
  {
    "id": 9,
    "name": "Links",
    "displayName": "Links",
    "sequenceNo": 11,
    "menuUrl": "/links",
    "guestMode": 1,
    "tradingMode": 1,
    "sdkMode": 1,
    "iconUrl": "icon-view-more",
    "childs": "",
    "isUrl": 0,
    "openMode": 0,
    "remarks": "Links Menu for Trading, guest and sdk mode"
  },
  {
    "id": 10,
    "name": "Reports",
    "displayName": "Reports",
    "sequenceNo": 12,
    "menuUrl": "/sso-links",
    "guestMode": 0,
    "tradingMode": 1,
    "sdkMode": 1,
    "iconUrl": "icon-view-more",
    "childs": "",
    "isUrl": 0,
    "openMode": 0,
    "remarks": "Reports for Trading and sdk mode"
  },
  {
    "id": 53,
    "name": "Settings",
    "displayName": "Settings",
    "sequenceNo": 14,
    "menuUrl": "/settings",
    "guestMode": 0,
    "tradingMode": 1,
    "sdkMode": 1,
    "iconUrl": "icon-view-more",
    "childs": "",
    "isUrl": 0,
    "openMode": 0,
    "remarks": "Settings menu for Trading and sdk mode"
  },
  {
    "id": 11,
    "name": "Theme",
    "displayName": "Theme",
    "sequenceNo": 15,
    "menuUrl": "",
    "guestMode": 1,
    "tradingMode": 1,
    "sdkMode": 0,
    "iconUrl": "",
    "childs": "",
    "isUrl": 0,
    "openMode": 0,
    "remarks": "Theme section for Trading and guest mode"
  },
  {
    "id": 12,
    "name": "Log Out",
    "displayName": "Log Out",
    "sequenceNo": 16,
    "menuUrl": "",
    "guestMode": 0,
    "tradingMode": 1,
    "sdkMode": 0,
    "iconUrl": "icon-logout",
    "childs": "",
    "isUrl": 0,
    "openMode": 0,
    "remarks": "Log Out feature for Trading Mode"
  },
  {
    "id": 13,
    "name": "Rate Us",
    "displayName": "Rate Us",
    "sequenceNo": 17,
    "menuUrl": "",
    "guestMode": 1,
    "tradingMode": 1,
    "sdkMode": 1,
    "iconUrl": "icon-rateus",
    "childs": "",
    "isUrl": 0,
    "openMode": 0,
    "remarks": "Rate Us section for Trading ,SDK and guest mode"
  },
  {
    "id": 14,
    "name": "Close",
    "displayName": "Close",
    "sequenceNo": 18,
    "menuUrl": "",
    "guestMode": 0,
    "tradingMode": 0,
    "sdkMode": 1,
    "iconUrl": "icon-logout",
    "childs": "",
    "isUrl": 0,
    "openMode": 0,
    "remarks": "Close /Log Out feature  for SDK mode only"
  },
  {
    "id": 101,
    "name": "Backoffice",
    "displayName": "Backoffice",
    "sequenceNo": 13,
    "menuUrl": "/calculators-main",
    "guestMode": 0,
    "tradingMode": 1,
    "sdkMode": 0,
    "iconUrl": "icon-view-more",
    "childs": [
      {
        "id": 1011,
        "name": "Profit Loss",
        "displayName": "Profit Loss Summary",
        "menuDescription": "View your profit loss report",
        "sequenceNo": 1,
        "menuUrl": "http://203.114.240.122/waveacerdata/ACER_BO/Views/ACER_BO_ProfitLoss.html?UserId={{BASE64USERID}}&SessionId={{BASE64OCTOKEN}}",
        "guestMode": 0,
        "tradingMode": 1,
        "sdkMode": 0,
        "iconUrl": "screeners-bg-img-3",
        "childs": "",
        "isUrl": 1,
        "openMode": 0
      },
      {
        "id": 1012,
        "name": "Ledger Report",
        "displayName": "Ledger Report",
        "menuDescription": "Your ledger report is available here",
        "sequenceNo": 2,
        "menuUrl": "http://203.114.240.122/waveacerdata/ACER_BO/Views/ACERLedgerReport.html?UserId={{BASE64USERID}}&SessionId={{BASE64OCTOKEN}}",
        "guestMode": 0,
        "tradingMode": 1,
        "sdkMode": 0,
        "iconUrl": "screeners-bg-img-2",
        "childs": "",
        "isUrl": 1,
        "openMode": 0
      },
      {
        "id": 1013,
        "name": "Outstanding Report",
        "displayName": "F&O Outstanding Report",
        "menuDescription": "View your F&O outstanding report",
        "sequenceNo": 3,
        "menuUrl": "http://203.114.240.122/waveacerdata/ACER_BO/Views/ACEROutstandingReport.html?UserId={{BASE64USERID}}&SessionId={{BASE64OCTOKEN}}",
        "guestMode": 0,
        "tradingMode": 1,
        "sdkMode": 0,
        "iconUrl": "screeners-bg-img-1",
        "childs": "",
        "isUrl": 1,
        "openMode": 0
      },
      {
        "id": 1014,
        "name": "Holdings",
        "displayName": "Holdings View",
        "menuDescription": "Click here to see your holdings",
        "sequenceNo": 4,
        "menuUrl": "http://203.114.240.122/waveacerdata/ACER_BO/Views/ACERHoldingReport.html?UserId={{BASE64USERID}}&SessionId={{BASE64OCTOKEN}}",
        "guestMode": 0,
        "tradingMode": 1,
        "sdkMode": 0,
        "iconUrl": "screeners-bg-img-3",
        "childs": "",
        "isUrl": 1,
        "openMode": 0
      },
      {
        "id": 1015,
        "name": "User Profile",
        "displayName": "My Profile",
        "menuDescription": "Profile information",
        "sequenceNo": 5,
        "menuUrl": "http://203.114.240.122/waveacerdata/ACER_BO/Views/ACERUserProfile.html?UserId={{BASE64USERID}}&SessionId={{BASE64OCTOKEN}}",
        "guestMode": 0,
        "tradingMode": 1,
        "sdkMode": 0,
        "iconUrl": "screeners-bg-img-2",
        "childs": "",
        "isUrl": 1,
        "openMode": 0
      }
    ],
    "isUrl": 0,
    "openMode": 0,
    "remarks": "Backoffice Reports"
  },{
    "id": 10001,
    "name": "e-Kyc Frame",
    "displayName": "e-Kyc Frame",
    "sequenceNo": 10001,
    "menuUrl": "https://ek.63moons.com/eKYC3.0/",
    "guestMode": 0,
    "tradingMode": 1,
    "sdkMode": 1,
    "iconUrl": "icon-view-more",
    "childs": "",
    "isUrl": 1,
    "openMode": 0,
    "remarks": "eKycURL"
  },{
    "id": 10002,
    "name": "e-Kyc InApp",
    "displayName": "e-Kyc InApp",
    "sequenceNo": 10002,
    "menuUrl": "https://ek.63moons.com/eKYC3.0/",
    "guestMode": 0,
    "tradingMode": 1,
    "sdkMode": 1,
    "iconUrl": "icon-view-more",
    "childs": "",
    "isUrl": 1,
    "openMode": 1,
    "remarks": "eKycURL"
  },{
    "id": 10003,
    "name": "e-Kyc System",
    "displayName": "e-Kyc System",
    "sequenceNo": 10003,
    "menuUrl": "https://ek.63moons.com/eKYC3.0/",
    "guestMode": 0,
    "tradingMode": 1,
    "sdkMode": 1,
    "iconUrl": "icon-view-more",
    "childs": "",
    "isUrl": 1,
    "openMode": 2,
    "remarks": "eKycURL"
  }
]